postal_code,all,cloudCover,sunsetTime,sunriseTime,tempLow,tempHigh,tempMax,tempMin,visibility
2134,0.02137823837437412,0.021544089690140624,0.02194305019728621,0.021364718465516096,0.02208921116836566,0.021655518537030433,0.02142248182127625,0.022180541354362773,0.02142170108067087
7325,0.05209747028876619,0.052767268574723,0.05067005124984517,0.053535445805252664,0.05350062126101565,0.05252001431357117,0.05214674072935464,0.05305254379563499,0.05176238184519437
2201,0.03135905877055116,0.03130535407965705,0.032078278325730215,0.03148061363740189,0.031970747468521965,0.03150641019602964,0.03136751635719192,0.03197988966983858,0.031364374947959836
3481, 0.22292787063099118, 0.2287883298331178, 0.23323954965145088, 0.22567436697115967, 0.2229110396477613, 0.22539923629626005, 0.22116404501873008, 0.24947638522682516, 0.2202460291783704
